[
  {
    "value": "what is emisha",
    "synonyms": [
      "what is emisha"
    ]
  },
  {
    "value": "emisha",
    "synonyms": [
      "emisha"
    ]
  },
  {
    "value": "about emisha",
    "synonyms": [
      "about emisha"
    ]
  },
  {
    "value": "what about emisha",
    "synonyms": [
      "what about emisha"
    ]
  },
  {
    "value": "something about emisha",
    "synonyms": [
      "something about emisha"
    ]
  },
  {
    "value": "say something about emisha",
    "synonyms": [
      "say something about emisha"
    ]
  },
  {
    "value": "tell me about emisha",
    "synonyms": [
      "tell me about emisha"
    ]
  }
]