[
  {
    "value": "join emisha",
    "synonyms": [
      "join emisha"
    ]
  },
  {
    "value": "register emisha",
    "synonyms": [
      "register emisha"
    ]
  },
  {
    "value": "connect emisha",
    "synonyms": [
      "connect emisha"
    ]
  },
  {
    "value": "registering emisha",
    "synonyms": [
      "registering emisha"
    ]
  },
  {
    "value": "register",
    "synonyms": [
      "register"
    ]
  },
  {
    "value": "connect",
    "synonyms": [
      "connect"
    ]
  },
  {
    "value": "join",
    "synonyms": [
      "join"
    ]
  }
]