[
  {
    "id": "da847231-da42-4985-b117-3a2b2da5bac0",
    "data": [
      {
        "text": "tell ",
        "userDefined": false
      },
      {
        "text": "something about emisha",
        "alias": "askEmisha",
        "meta": "@askEmisha",
        "userDefined": false
      }
    ],
    "isTemplate": false,
    "count": 0
  },
  {
    "id": "13a65abe-abec-4a24-81b7-ccf7316f001d",
    "data": [
      {
        "text": "about emisha",
        "alias": "askEmisha",
        "meta": "@askEmisha",
        "userDefined": true
      }
    ],
    "isTemplate": false,
    "count": 0
  },
  {
    "id": "bd0957cc-70e4-474c-a6a4-35ddb3f3394a",
    "data": [
      {
        "text": "EMISHA",
        "alias": "askEmisha",
        "meta": "@askEmisha",
        "userDefined": true
      }
    ],
    "isTemplate": false,
    "count": 0
  },
  {
    "id": "32052c1f-d58f-46a1-94ca-b05749e47466",
    "data": [
      {
        "text": "what is EMISHA",
        "alias": "askEmisha",
        "meta": "@askEmisha",
        "userDefined": true
      }
    ],
    "isTemplate": false,
    "count": 0
  },
  {
    "id": "30325e51-49c9-4604-b9ce-1e4f90c40320",
    "data": [
      {
        "text": "what is emisha",
        "alias": "askEmisha",
        "meta": "@askEmisha",
        "userDefined": true
      }
    ],
    "isTemplate": false,
    "count": 0
  }
]