[
  {
    "id": "f4bd7857-1ff7-469a-9555-70ce58c491f5",
    "data": [
      {
        "text": "more in emisha",
        "alias": "moreEmisha",
        "meta": "@moreEmisha",
        "userDefined": true
      }
    ],
    "isTemplate": false,
    "count": 0
  },
  {
    "id": "6d559f7e-aa96-4cbf-9d69-bc0cb031e060",
    "data": [
      {
        "text": "emisha more",
        "alias": "moreEmisha",
        "meta": "@moreEmisha",
        "userDefined": true
      }
    ],
    "isTemplate": false,
    "count": 0
  },
  {
    "id": "600ac134-d13d-4174-9b6c-a45eb76bd7d3",
    "data": [
      {
        "text": "more emisha",
        "alias": "moreEmisha",
        "meta": "@moreEmisha",
        "userDefined": true
      }
    ],
    "isTemplate": false,
    "count": 0
  },
  {
    "id": "ec0670de-c687-4bff-852f-be5861b8f0b3",
    "data": [
      {
        "text": "More about Emisha",
        "alias": "moreEmisha",
        "meta": "@moreEmisha",
        "userDefined": true
      }
    ],
    "isTemplate": false,
    "count": 0
  }
]