[
  {
    "id": "db1e953d-309e-4dcb-a101-2102016578eb",
    "data": [
      {
        "text": "show me all ",
        "userDefined": false
      },
      {
        "text": "events",
        "alias": "event",
        "meta": "@events",
        "userDefined": true
      }
    ],
    "isTemplate": false,
    "count": 0
  },
  {
    "id": "037ebdb8-8312-4591-a3a0-2f6db2836146",
    "data": [
      {
        "text": "list all ",
        "userDefined": false
      },
      {
        "text": "events",
        "alias": "event",
        "meta": "@events",
        "userDefined": true
      }
    ],
    "isTemplate": false,
    "count": 0
  },
  {
    "id": "93407824-ba9b-47cb-a9eb-cffbac47ec81",
    "data": [
      {
        "text": "events ",
        "userDefined": false
      },
      {
        "text": "list",
        "alias": "event",
        "meta": "@events",
        "userDefined": true
      }
    ],
    "isTemplate": false,
    "count": 0
  },
  {
    "id": "482fb990-75d1-42ea-a37a-7f397436a127",
    "data": [
      {
        "text": "what are the ",
        "userDefined": false
      },
      {
        "text": "events",
        "alias": "event",
        "meta": "@events",
        "userDefined": true
      }
    ],
    "isTemplate": false,
    "count": 0
  }
]