[
  {
    "id": "0657714a-41f6-4528-98ee-3df2dda1cc57",
    "data": [
      {
        "text": "can you ",
        "userDefined": false
      },
      {
        "text": "help me",
        "alias": "help",
        "meta": "@help",
        "userDefined": false
      }
    ],
    "isTemplate": false,
    "count": 0
  },
  {
    "id": "5f07e094-f8d6-4d26-aaec-b293fa1a522a",
    "data": [
      {
        "text": "help",
        "alias": "help",
        "meta": "@help",
        "userDefined": false
      }
    ],
    "isTemplate": false,
    "count": 0
  },
  {
    "id": "4bf69ccb-a151-4a36-b5ec-7fd7e9508dda",
    "data": [
      {
        "text": "help us",
        "alias": "help",
        "meta": "@help",
        "userDefined": false
      }
    ],
    "isTemplate": false,
    "count": 0
  },
  {
    "id": "3b7b0d1a-db33-46c9-b8f2-1988afbf760c",
    "data": [
      {
        "text": "help me",
        "alias": "help",
        "meta": "@help",
        "userDefined": true
      }
    ],
    "isTemplate": false,
    "count": 0
  },
  {
    "id": "426863d6-f9b3-4920-87e3-e776cf59d83e",
    "data": [
      {
        "text": "how can you ",
        "userDefined": false
      },
      {
        "text": "help me",
        "alias": "help",
        "meta": "@help",
        "userDefined": true
      }
    ],
    "isTemplate": false,
    "count": 0
  },
  {
    "id": "9ed34f34-74f1-4a15-9506-47716e63f563",
    "data": [
      {
        "text": "What can you ",
        "userDefined": false
      },
      {
        "text": "help me",
        "alias": "help",
        "meta": "@help",
        "userDefined": true
      }
    ],
    "isTemplate": false,
    "count": 0
  }
]