[
  {
    "id": "fbfade92-275f-4e77-a014-39231f93adaa",
    "data": [
      {
        "text": "register",
        "alias": "JoinEmisha",
        "meta": "@JoinEmisha",
        "userDefined": false
      },
      {
        "text": " in it",
        "userDefined": false
      }
    ],
    "isTemplate": false,
    "count": 0
  },
  {
    "id": "f71c1c39-56be-41de-9002-a4f6a47d93b5",
    "data": [
      {
        "text": "how can i ",
        "userDefined": false
      },
      {
        "text": "join emisha",
        "alias": "JoinEmisha",
        "meta": "@JoinEmisha",
        "userDefined": true
      }
    ],
    "isTemplate": false,
    "count": 0
  },
  {
    "id": "98f6577a-410b-4989-a9cd-b0b62aea2997",
    "data": [
      {
        "text": "connect emisha",
        "alias": "JoinEmisha",
        "meta": "@JoinEmisha",
        "userDefined": true
      }
    ],
    "isTemplate": false,
    "count": 0
  },
  {
    "id": "02db1df6-0a5f-4af6-abdc-3d4cda1602f6",
    "data": [
      {
        "text": "how to ",
        "userDefined": false
      },
      {
        "text": "register emisha",
        "alias": "JoinEmisha",
        "meta": "@JoinEmisha",
        "userDefined": true
      }
    ],
    "isTemplate": false,
    "count": 0
  },
  {
    "id": "78b1c836-5973-4279-b01d-27f6f5f970a6",
    "data": [
      {
        "text": "register emisha",
        "alias": "JoinEmisha",
        "meta": "@JoinEmisha",
        "userDefined": true
      }
    ],
    "isTemplate": false,
    "count": 0
  },
  {
    "id": "01832578-97a6-49b1-a423-c9cbe3509cf5",
    "data": [
      {
        "text": "emisha join",
        "alias": "JoinEmisha",
        "meta": "@JoinEmisha",
        "userDefined": true
      }
    ],
    "isTemplate": false,
    "count": 0
  },
  {
    "id": "18d9754b-787a-455f-95c4-9a699f588ce9",
    "data": [
      {
        "text": "join emisha",
        "alias": "JoinEmisha",
        "meta": "@JoinEmisha",
        "userDefined": true
      }
    ],
    "isTemplate": false,
    "count": 0
  },
  {
    "id": "7181eb72-44a1-430c-af4b-6f74551239ab",
    "data": [
      {
        "text": "How to ",
        "userDefined": false
      },
      {
        "text": "join emisha",
        "alias": "JoinEmisha",
        "meta": "@JoinEmisha",
        "userDefined": true
      }
    ],
    "isTemplate": false,
    "count": 0
  }
]