[
  {
    "id": "ea4b3646-debb-48e7-8e56-1130da91b08c",
    "data": [
      {
        "text": "tell me all the ",
        "userDefined": false
      },
      {
        "text": "registration",
        "meta": "@sys.ignore",
        "userDefined": false
      },
      {
        "text": " ",
        "userDefined": false
      },
      {
        "text": "date",
        "alias": "registration",
        "meta": "@registration",
        "userDefined": false
      }
    ],
    "isTemplate": false,
    "count": 0
  },
  {
    "id": "8e6674a0-55c8-4a37-a8ae-48dbf9c954d0",
    "data": [
      {
        "text": "what are the ",
        "userDefined": false
      },
      {
        "text": "registration",
        "meta": "@sys.ignore",
        "userDefined": false
      },
      {
        "text": " ",
        "userDefined": false
      },
      {
        "text": "dates",
        "alias": "registration",
        "meta": "@registration",
        "userDefined": false
      }
    ],
    "isTemplate": false,
    "count": 0
  },
  {
    "id": "7cfd52ba-08c2-481e-99cd-ae34f1ee852f",
    "data": [
      {
        "text": "registration",
        "alias": "registration",
        "meta": "@registration",
        "userDefined": true
      }
    ],
    "isTemplate": false,
    "count": 0
  },
  {
    "id": "347a8814-2974-465a-bda8-9fc20738e6ab",
    "data": [
      {
        "text": "dates",
        "alias": "registration",
        "meta": "@registration",
        "userDefined": false
      }
    ],
    "isTemplate": false,
    "count": 0
  },
  {
    "id": "c12da2c1-8320-4179-bda1-e88c6737157c",
    "data": [
      {
        "text": "what is ",
        "userDefined": false
      },
      {
        "text": "registration",
        "alias": "registration",
        "meta": "@registration",
        "userDefined": true
      },
      {
        "text": " dates",
        "userDefined": false
      }
    ],
    "isTemplate": false,
    "count": 0
  }
]